ankle_distance,shoulder_distance,hip_angle,ankle_movement,ankle_speed,ankle_to_hip_ratio,hip_distance,knee_distance,shoulder_to_ankle_ratio,label
0.004510388848312136,0.07677574252779412,10.04464381665589,0.0,0.0,0.024378008421685624,0.04046091646559684,0.011112224924638219,17.021978616439,Standing
0.01128857748699856,0.07634872832925134,9.094573651452958,0.006778188638686424,0.20334565916059272,0.06076152472550169,0.046012186697557474,0.012540548131870319,6.763361319633477,Standing
0.015299483879428996,0.07695795565030149,8.478299084294283,0.004010906392430435,0.12032719177291305,0.08189066975061027,0.04957004902595441,0.01321770225708763,5.030101424125537,Standing
0.01713558572569203,0.0778263830376543,8.086645974426304,0.0018361018462630333,0.055083055387891,0.09150560638757838,0.05096788717651214,0.013372288541855267,4.541798820507563,Standing
0.018316125010095576,0.07858360842994648,7.774019872583449,0.0011805392844035471,0.035416178532106414,0.09776573498916881,0.0516229058518934,0.012773997452433771,4.290405770141466,Standing
0.018824474184656367,0.07864360657738237,7.478690414570399,0.0005083491745607911,0.015250475236823734,0.10039619317552127,0.05170229279051532,0.012484168425110883,4.177731914630792,Standing
0.019446483115965373,0.07985781141596339,7.325947488882892,0.0006220089313090059,0.018660267939270177,0.10358228831883502,0.05236477442671064,0.013064698747172787,4.1065426041174975,Standing
0.02043621661621749,0.08235582288311673,7.2800109245866675,0.000989733500252117,0.029692005007563513,0.10877188579068847,0.05384956493035123,0.015398639560371649,4.029895769345189,Standing
0.02074198198336768,0.0829607213790577,7.243643442532739,0.00030576536715018823,0.009172961014505647,0.11033416719618896,0.05434545578626096,0.017465094524811247,3.999652561919165,Standing
0.022050067834806453,0.08245342259045116,7.048021712125768,0.0013080858514387741,0.039242575543163224,0.11729664537530912,0.05294860898395601,0.01893291215539348,3.7393727406269863,Standing
0.02417793686224404,0.0825678111697715,6.960162536584954,0.002127869027437588,0.06383607082312764,0.12838346065714393,0.052123176549998027,0.019512648894996924,3.4150064846396524,Standing
0.025313288433733577,0.08279422185086878,6.827386612434594,0.001135351571489536,0.03406054714468608,0.13428876167158194,0.05141075809618823,0.019390632355307535,3.2707809602696125,Standing
0.028467215629843626,0.08626257169836839,6.7876226429704705,0.003153927196110049,0.09461781588330148,0.1512223187526291,0.05348770785228676,0.021314064836504033,3.0302426770511044,Standing
0.028679228540520147,0.08860742356939415,6.643623171034287,0.0002120129106765213,0.006360387320295639,0.1522710098661974,0.056090484149868086,0.021514642428401773,3.0896027570686915,Standing
0.028795698725080685,0.08943704284205153,6.4693325696127175,0.00011647018456053745,0.0034941055368161236,0.15298724634331035,0.05624710898493241,0.0211648196894033,3.1059167445780025,Standing
0.027959180576741113,0.08974048027349667,6.354242557226351,0.0008365181483395712,0.025095544450187135,0.1487568278515553,0.05682636039472408,0.019269372065403658,3.209696365284419,Standing
0.024853139520698887,0.08802478460227386,5.854182181477062,0.0031060410560422268,0.09318123168126681,0.13245019271215508,0.055417503762561056,0.015831219197989427,3.541797386562072,Standing
0.02416633453654181,0.082227903820777,5.396884158982244,0.0006868049841570779,0.020604149524712338,0.1281378049052488,0.052964904011797945,0.013436640935005123,3.4025807139448703,Standing
0.0202264314309536,0.0821308806308537,5.187535122411005,0.00393990310558821,0.1181970931676463,0.10689186981781144,0.05221167012573063,0.007816932378579684,4.060571975398704,Standing
0.018692388486835795,0.08573406650518493,5.180450023515622,0.0015340429441178041,0.046021288323534124,0.09873385283657408,0.052431089081137056,0.006137869866670803,4.586576325736198,Standing
0.01772654663626911,0.08749705487571018,5.280852461688301,0.0009658418505666851,0.028975255517000552,0.09343720437371301,0.052394791345754595,0.005333975871437403,4.935933471479903,Standing
0.018153446648326663,0.08878814668087623,5.454488837277689,0.00042690001205755376,0.012807000361726613,0.09557229487107814,0.05245726343464162,0.004813734161586323,4.890980120794884,Standing
0.018430836502452422,0.0889477183943771,5.747452734546846,0.0002773898541257591,0.008321695623772773,0.09699850093866381,0.0523543505361028,0.004376485183746278,4.826027206228086,Standing
0.01871488204032832,0.08947626420378067,5.8397416915670295,0.00028404553787589673,0.008521366136276902,0.0984040735349012,0.0525286817259901,0.003955800306194901,4.781022077027795,Standing
0.019081230850243054,0.08924365752897807,5.956349865174717,0.00036634880991473495,0.010990464297442049,0.1005600976263772,0.052161487382339305,0.003863129970420753,4.677038825712928,Standing
0.019301620496340866,0.08784226001837697,6.013940918288708,0.00022038964609781206,0.006611689382934362,0.10204325582010605,0.051627592996413264,0.0038745686961899426,4.551030315564945,Standing
0.01895246520041029,0.08380513920748142,6.027634176592649,0.0003491552959305755,0.010474658877917264,0.10019592126357016,0.05092270642041444,0.003620836803477449,4.421859548153512,Standing
0.0194167999874895,0.08332150201323696,6.075987686457514,0.00046433478707920764,0.01393004361237623,0.1026126127788928,0.05106271395656881,0.0039212780720214,4.291206690439316,Standing
0.019110814511006147,0.08185133984793891,6.068012785198779,0.000305985476483351,0.00917956429450053,0.10073429337440439,0.05077168572861745,0.004092249761440575,4.282985416492831,Standing
0.017291374735092558,0.07830958392432208,6.306863816877605,0.0018194397759135894,0.05458319327740768,0.09043146380441197,0.048518546971573255,0.003555181403481024,4.528823481304473,Standing
0.01667635402604264,0.07541942871394333,7.1188810071788,0.0006150207090499168,0.018450621271497505,0.08705807801561412,0.048002217960231276,0.004531727980312744,4.522537036342867,Standing
0.015469748027227816,0.0769525970857201,7.792317650570895,0.0012066059988148255,0.036198179964444764,0.08022864816669138,0.04820805176265785,0.006312757367770279,4.9743924044708585,Standing
0.014673875344503363,0.07712591210943934,8.113087757129433,0.0007958726827244529,0.023876180481733587,0.07575472644629,0.0481858051572379,0.007675817784466204,5.25600158776936,Standing
0.014389723719894453,0.07731892710580018,8.52134948155209,0.0002841516246089096,0.008524548738267287,0.07431915342473204,0.0480625778266256,0.009035237273825422,5.373204420798102,Standing
0.014553328062962412,0.07604681945644726,8.152859011199494,0.00016360434306795894,0.004908130292038768,0.07514023927669433,0.04582115740165029,0.009383266869660317,5.225390311236308,Standing
0.014530033915463918,0.07493531707190074,7.825863883354323,2.3294147498494414e-05,0.0006988244249548324,0.07486277722861574,0.04463864914255047,0.008907469839801008,5.157270623583964,Standing
0.013681871358814294,0.0742512500811011,7.595281164672076,0.0008481625566496235,0.025444876699488705,0.07062496245998372,0.04395774069475891,0.008648890461807245,5.426980574062049,Standing
0.013399388798224296,0.07316907124258325,7.751586862119637,0.0002824825605899986,0.008474476817699958,0.06920457337574312,0.04231086554310453,0.009740871498560526,5.460627521479167,Standing
0.012515735182565683,0.07309266125025424,7.943287246798818,0.0008836536156586125,0.026509608469758375,0.06489888361333238,0.04249660060451323,0.010121610776878417,5.840061345503036,Standing
0.012674744358957659,0.07282071652717907,7.5900462499103165,0.00015900917639197557,0.004770275291759267,0.06600800304452739,0.04109662743411471,0.009154556975993695,5.745340060899475,Standing
0.012327955768823349,0.0719621641978122,7.447274310028683,0.0003467885901343101,0.010403657704029304,0.06436607344252769,0.03987717027042926,0.009101580196338424,5.837315248956372,Standing
0.012127612194904942,0.06967161017434391,7.005068022808716,0.00020034357391840625,0.0060103072175521875,0.06346958362095803,0.037232897994939014,0.009096872849110357,5.744874510714844,Standing
0.011929322737255409,0.06740085392290417,6.840036753043887,0.00019828945764953365,0.0059486837294860095,0.06245493332795422,0.03605874340421006,0.009106577863021506,5.650015127213429,Standing
0.012027178411085063,0.06474119618212636,6.543271902855643,9.785567382965439e-05,0.0029356702148896317,0.0630568636605294,0.034832781567437354,0.008360014597334072,5.38290810772845,Standing
0.0137024667671875,0.06217199047068124,6.245768926215832,0.0016752883561024362,0.050258650683073086,0.07183834514861288,0.03256248987812518,0.007521426194149332,4.537284528911312,Standing
0.014448835078435467,0.06098786744387702,6.184841619493474,0.0007463683112479674,0.02239104933743902,0.075669176296026,0.03182201410490565,0.007320677484833462,4.220953946308096,Standing
0.015321498813692547,0.06063283911019097,6.106671712655446,0.0008726637352570801,0.026179912057712404,0.07985983219272141,0.031122779904881853,0.007642662449287445,3.9573699575660637,Standing
0.015723403272051985,0.060444735946632105,5.955352717257474,0.00040190445835943875,0.012057133750783162,0.08168431465455028,0.029920585615601764,0.00783761680206824,3.8442527295646824,Standing
0.015822921884086495,0.061274709935994535,5.942598830477731,9.951861203450971e-05,0.002985558361035291,0.08204746154483701,0.029968194797795847,0.00765175022888457,3.8725281199561525,Standing
0.015892803436228127,0.06211993917570826,5.95636831798801,6.988155214163183e-05,0.002096446564248955,0.08251830018960338,0.030175173252311494,0.007499304788937015,3.908683538745844,Standing
0.01598369084197477,0.06355187552996218,6.044080049453941,9.088740574664245e-05,0.0027266221723992734,0.0835468848009881,0.030746521370420627,0.007396408325897771,3.976045092355553,Standing
0.016026151754491992,0.06436049204726194,6.161705869419607,4.2460912517222615e-05,0.0012738273755166785,0.08477141823617507,0.030797953196709846,0.006983156995406743,4.015966716976972,Standing
0.01620212387511451,0.06293483715981976,5.995649455038694,0.00017597212062251885,0.0052791636186755656,0.08586881701091195,0.029328999477479595,0.007247321480393353,3.88435723889779,Standing
0.01635102811365176,0.0604246999763913,5.818309021100796,0.00014890423853725077,0.004467127156117523,0.08679441869671728,0.026677482711772584,0.007367262915880832,3.695467927545281,Standing
0.016588869805311164,0.05801012035394173,5.592367970286523,0.00023784169165940242,0.0071352507497820725,0.08812304462684008,0.02529839310475784,0.007372651272404886,3.4969302330270238,Standing
0.01662497600691482,0.056105594019436454,5.584195229824433,3.6106201603654936e-05,0.001083186048109648,0.08828702272380903,0.025088508274571545,0.007432186106537212,3.37477744305318,Standing
0.0166017887048665,0.05219687676935421,5.564494213048257,2.3187302048317815e-05,0.0006956190614495344,0.08801945825965346,0.024123339247123746,0.007523531292343977,3.1440513849000906,Standing
0.01657772012936815,0.052306363492186654,5.883330680263955,2.406857549835245e-05,0.0007220572649505735,0.08774521956003839,0.02538447728952899,0.00720284789350556,3.1552205661575665,Standing
0.01659456503500962,0.054941871234924465,6.023815255588404,1.6844905641470037e-05,0.0005053471692441011,0.08765991620708778,0.027648133236513123,0.007124962355077927,3.310835271609312,Standing
0.01662988782347177,0.05669043381720625,6.129714097101727,3.532278846215056e-05,0.0010596836538645169,0.08760529349860054,0.029907387786312842,0.007085711184347895,3.4089486603266317,Standing
0.01662834858491874,0.063501239824482,6.522599712887312,1.5392385530298147e-06,4.617715659089444e-05,0.0873545059107428,0.03629252080965219,0.006835501490186373,3.818854259651204,Standing
0.017004672152123212,0.07111846981119978,6.844332991853436,0.0003763235672044722,0.011289707016134166,0.08920250417803621,0.04213580896607294,0.006552880274762552,4.182289971542903,Standing
0.016872913070277287,0.07923288813242177,7.613481153172131,0.00013175908184592452,0.003952772455377736,0.08844414480145632,0.04747787901775996,0.007423078332900441,4.6958629966508605,Standing
0.01688525502553357,0.07872408886608785,7.613379693649489,1.2341955256282844e-05,0.0003702586576884853,0.08816223595458654,0.04699007161351332,0.0073316034902585845,4.662297889314834,Standing
0.016759583065367175,0.08013071294136719,7.776073221284037,0.00012567196016639512,0.0037701588049918536,0.08724499151828985,0.04746158024612648,0.007552861282221142,4.781187731749319,Standing
0.01677111792209061,0.08174751692462591,7.790779912288949,1.1534856723435793e-05,0.0003460457017030738,0.08722011499806742,0.047856969719425047,0.007636776740826482,4.874303388979787,Standing
0.01694018046705697,0.08117812578624385,7.605022853974704,0.00016906254496635784,0.005071876348990735,0.08786828462769318,0.04651238851583505,0.007807381267743026,4.792046102702883,Standing
0.017177657026830526,0.07936090100241922,7.410868000659363,0.00023747655977355772,0.007124296793206732,0.08889401483345322,0.04441893068846719,0.007981646163532648,4.620007308241281,Standing
0.017485398728249526,0.07275369199404796,6.676450417924953,0.00030774170141899954,0.009232251042569986,0.09056336127455596,0.0375123258578837,0.008184375139727819,4.16082544783532,Standing
0.017688183072773492,0.06846488918204925,6.262378178836876,0.0002027843445239659,0.006083530335718977,0.09176594770644468,0.033638524916656046,0.008177916865335389,3.8706569747931727,Standing
0.017962513041558367,0.06133118324546078,5.612001697063979,0.0002743299687848755,0.008229899063546264,0.09313346069004366,0.027110301631399443,0.008469022302316137,3.4143988151081053,Standing
0.018198751378729165,0.05697548441012639,5.068023902417612,0.00023623833717079795,0.0070871501151239386,0.0944315463254938,0.022917254705946438,0.008821474495208485,3.1307359073392123,Standing
0.01816853561785845,0.05333512025456002,4.79249957086061,3.021576087071376e-05,0.0009064728261214128,0.09423230126789207,0.020890304907516068,0.008649962344760608,2.9355761728058685,Standing
0.018495162895129293,0.052011256801179226,4.466374663787847,0.0003266272772708412,0.009798818318125235,0.09585410527536986,0.01958054700582852,0.008874793782845572,2.8121545669044314,Standing
0.019087121461780678,0.05083955160544857,3.9569326860394174,0.0005919585666513856,0.017758756999541568,0.0989200748898743,0.017673658275858657,0.009056688499553262,2.6635525795362986,Standing
0.01981488672691462,0.05051503298126591,3.898143265621491,0.0007277652651339409,0.021832957954018226,0.10305098136843152,0.017536365518420548,0.009059654089305905,2.549347552547509,Standing
0.020163115298278425,0.05013402086812287,3.832079084656383,0.000348228571363806,0.01044685714091418,0.10498486668053457,0.018319209701835874,0.009043117148772725,2.4864223671033328,Standing
0.020034129682282416,0.05179741464487842,4.26176197476869,0.00012898561599600927,0.003869568479880278,0.10402658400038219,0.02069780317326139,0.009447151410963032,2.5854586880650223,Standing
0.019769378485290028,0.05387669996569351,4.483320404878081,0.00026475119699238825,0.007942535909771647,0.10277085790226974,0.02305884371851894,0.008907267858224275,2.725260179817085,Standing
0.01969829783887091,0.05531714350138291,4.610661612586369,7.10806464191173e-05,0.002132419392573519,0.10257640077717746,0.024273982530468363,0.008536147766874723,2.8082194692083933,Standing
0.01939354939020947,0.057263267022136806,4.85945811166485,0.00030474844866144185,0.009142453459843256,0.10119725170264234,0.02603306243039747,0.008560579012721059,2.952696583279659,Standing
0.01901442781699737,0.06239808660904065,5.802231735642035,0.00037912157321209894,0.011373647196362968,0.09967562207427125,0.03116874860042648,0.00937220357709727,3.281617896135785,Standing
0.018794770623182282,0.06646092701052121,6.426765422011974,0.00021965719381508708,0.0065897158144526125,0.09882527933777631,0.03470153252393225,0.01010695441829689,3.536139298691171,Standing
0.018797602752051123,0.06934680779845462,6.737888557111081,2.8321288688404334e-06,8.4963866065213e-05,0.09888607413612334,0.03689910718032495,0.010348766380109377,3.689130402060856,Standing
0.018691570200696037,0.0705545477682592,6.934615080847141,0.00010603255135508555,0.0031809765406525664,0.0996806233088292,0.037397578017875806,0.010684974584567858,3.774672058617734,Standing
0.018699095084647323,0.07127729180666507,7.065863579581204,7.524883951285505e-06,0.00022574651853856514,0.09991033491111659,0.03788799591943634,0.01099009298588882,3.8118043404777633,Standing
0.01874291231449887,0.07165319481324854,7.198225004985025,4.38172298515456e-05,0.001314516895546368,0.10047662385499925,0.03813917771427735,0.011456287240578723,3.8229488358551467,Standing
0.018833887134259566,0.07086691054104015,7.265529186390865,9.097481976069743e-05,0.002729244592820923,0.10125764657695169,0.038343075095194544,0.011747512178875825,3.7627341629402946,Standing
0.01816341340525892,0.0714930045029553,7.297339310982478,0.0006704737290006459,0.020114211870019376,0.09759471930712935,0.038959489697791956,0.011809692825110152,3.936099614528163,Standing
0.018123422074896547,0.07211671874168053,7.273870677228339,3.999133036237251e-05,0.0011997399108711754,0.09799379230455098,0.0389756064297346,0.011972367514403722,3.979199868747315,Standing
0.01740812239158731,0.07200302962014521,7.106014495917923,0.0007152996833092382,0.021458990499277145,0.09428451565653762,0.03880267348709532,0.011889374780536453,4.136174367371266,Standing
0.01738555965038199,0.07316679649131032,7.301198017622445,2.256274120531962e-05,0.0006768822361595886,0.09412516188234464,0.0399156920490017,0.012406499083029024,4.208480944109425,Standing
0.017670302015847406,0.07363635272500199,7.166287301388429,0.0002847423654654159,0.008542270963962477,0.0956360458050084,0.039935233656609864,0.01160829842717173,4.167237926038959,Standing
0.01785163711449683,0.07450076237604353,6.981778266222462,0.00018133509864942318,0.0054400529594826955,0.09650709722708335,0.03996375690789232,0.010395149516422805,4.173329420613389,Standing
0.01809829109151553,0.07479906778914264,6.911299584350344,0.0002466539770187015,0.007399619310561045,0.09782181315529895,0.03959176488168121,0.01013767079861405,4.132935392127072,Standing
0.018403428457793566,0.0749482818388744,6.633016310431895,0.00030513736627803614,0.009154120988341084,0.09939393967415673,0.03953005679772963,0.009394448282965536,4.0725173578803995,Standing
0.020201628265726707,0.07260928821010207,6.136994414524179,0.0017981998079331409,0.053945994237994226,0.10917230914665295,0.037837308950307284,0.009016569060454874,3.59422949749492,Standing
0.021620143227539718,0.07096444066721973,5.382272364628667,0.0014185149618130104,0.04255544885439031,0.11665523156399749,0.03453787463599563,0.01013134961598711,3.282329812543762,Standing
0.023160402411217352,0.07010349246649235,4.9914369292354825,0.0015402591836776343,0.04620777551032903,0.1245129297886363,0.03305956151085633,0.010668782510201178,3.0268684983011735,Standing
0.023298604613841714,0.06965103742846385,4.888329063798789,0.0001382022026243622,0.004146066078730866,0.1246913462759749,0.032794723754634776,0.010676756828282775,2.989493945362038,Standing
0.02259753205203068,0.06834764169838534,4.698134895930315,0.0007010725618110357,0.02103217685433107,0.12047584585361529,0.03221358442688204,0.010644827240666713,3.0245622194943818,Standing
0.022651169296536055,0.06842869058268668,4.711568972886824,5.363724450537649e-05,0.0016091173351612947,0.12073254834821351,0.03223519075289459,0.010375434607631517,3.020978285352853,Standing
0.02357711179167806,0.06666868615341784,4.476578401579442,0.0009259424951420063,0.02777827485426019,0.1255296077877056,0.03224318214071762,0.01001635769324671,2.8276867303547193,Standing
0.023563955746336004,0.06632765151664344,4.442618285523663,1.3156045342056777e-05,0.0003946813602617033,0.1254654418350784,0.03230317223653789,0.010202432202139615,2.8147927381401923,Standing
0.023332816344221605,0.06759334836383667,4.568198258878216,0.00023113940211439907,0.006934182063431972,0.1240150438338142,0.0338943363024506,0.009578173218980652,2.896921973183757,Standing
0.022557232409132832,0.0675676189725612,4.59573898924535,0.0007755839350887736,0.023267518052663208,0.11996507909088437,0.03411168069539522,0.008690262824775797,2.9953860361524156,Standing
0.022312735573067753,0.06736839684127643,4.516402442206497,0.0002444968360650786,0.007334905081952357,0.11852098650787388,0.0344702076570713,0.00851981494655508,3.0192800260041817,Standing
0.02245447190674343,0.06722741307261498,4.327599439461556,0.0001417363336756773,0.004252090010270319,0.11897015340913053,0.03460968433077263,0.008477088411856556,2.993943182089512,Standing
0.022499108527725388,0.06716446586425615,4.27082653117433,4.46366209819575e-05,0.001339098629458725,0.1191468731543835,0.03483658039977908,0.00845507846192905,2.985205648547815,Standing
0.022644928764130916,0.06690449264366682,4.1665158072482456,0.00014582023640552846,0.004374607092165854,0.11982946129555173,0.03496123377443844,0.008354770813893415,2.954502234939335,Standing
0.022661745095346686,0.06650975986327805,4.075276644330301,1.6816331215769448e-05,0.0005044899364730834,0.11984227157326478,0.03498605052471503,0.008209995337072146,2.9348913591361074,Standing
0.022360398090811508,0.06638355813417303,4.000506847571707,0.0003013470045351782,0.009040410136055346,0.11839185935043911,0.03517244130036056,0.007841337974142892,2.96880037039465,Standing
0.021788537200903402,0.06524284561954188,3.9639702659901825,0.000571860889908106,0.01715582669724318,0.11525366814040476,0.034744106589428544,0.007940466141613577,2.9943655702061895,Standing
0.02032313060078527,0.06470112749057129,4.066589861790813,0.0014654066001181312,0.04396219800354394,0.10759917267266848,0.03407942536674721,0.007266836224902856,3.1836201204194046,Standing
0.01934357794380876,0.06477344110369647,4.1452510783312615,0.0009795526569765095,0.029386579709295285,0.10210692149041467,0.03458248758523237,0.0067612004962725,3.3485760127654305,Standing
0.01832512922521095,0.065998864157583,4.158719131330877,0.0010184487185978114,0.03055346155793434,0.0959833100295642,0.034856456251986086,0.006706124683073603,3.601549726960971,Standing
0.018005475591405105,0.06642289448228367,4.160860427855418,0.0003196536338058442,0.009589609014175327,0.09378118105445371,0.035005527050049154,0.006749993819886075,3.6890386007904485,Standing
0.017652428690165745,0.06944131682433441,4.3993120045385465,0.00035304690123936014,0.010591407037180804,0.09187641774730178,0.036530392859212855,0.006599338509560211,3.9338109244435304,Standing
0.017591767328069483,0.07243574237483597,4.844810638078184,6.0661362096262744e-05,0.0018198408628878823,0.09161724850752663,0.03843368248929007,0.006862448785161328,4.117593248249552,Standing
0.016899428758333983,0.07381557559187797,5.234941010368099,0.000692338569735499,0.02077015709206497,0.08820280070532431,0.039959063003655336,0.006908018672094773,4.367933179722166,Standing
0.015785612678882295,0.0738321839154001,5.365052542504777,0.0011138160794516884,0.03341448238355065,0.08236357619698778,0.03991764306421843,0.007306956049548218,4.677182027541538,Standing
0.015644786150672392,0.07026620424543883,5.353324891518034,0.00014082652820990305,0.004224795846297091,0.08160382691344671,0.03330558820495571,0.008196722344851753,4.49134961441572,Standing
0.015496780251536843,0.06746991162039125,5.341477532729899,0.00014800589913554867,0.00444017697406646,0.08081490177410519,0.029808999734067212,0.008774440993501168,4.353801920479587,Standing
0.01677700822478576,0.06181822516866008,5.022376901723417,0.0012802279732489156,0.03840683919746747,0.08754075454041649,0.02630820811512717,0.008892622998236442,3.6846989844906926,Standing
0.0176443141997457,0.06157365704124305,5.053955384771304,0.0008673059749599414,0.026019179248798242,0.09211692979092663,0.027002511306242153,0.008870768283182829,3.4897166500316845,Standing
0.017985703917135203,0.059769939737742535,5.024216436034596,0.00034138971738950294,0.010241691521685088,0.09394313486051031,0.02653080266124347,0.008961456261655346,3.32319157554901,Standing
0.01725263570661299,0.061297546018384295,5.4075253039990345,0.0007330682105222142,0.021992046315666425,0.09026747315562675,0.027722114331905915,0.009294230410321274,3.5529380589012702,Standing
0.01607354469157944,0.06459944676936391,6.225546493277123,0.0011790910150335475,0.035372730451006425,0.08414117908369148,0.030340284127265464,0.010713335828627503,4.018991952858169,Standing
0.014892093792783945,0.0700799943404928,7.402955405892779,0.001181450898795497,0.03544352696386491,0.07870242602679724,0.0345199252754407,0.012366179623408975,4.705852334508562,Standing
0.014977925042648535,0.07256977746142439,7.921590214227753,8.583124986459058e-05,0.0025749374959377173,0.07918088690199077,0.03662148660769443,0.013840145794133132,4.845115545363414,Standing
0.014586891576284905,0.07948194574819896,8.768029405114008,0.0003910334663636307,0.011731003990908921,0.07711379171144558,0.04037892918176786,0.015144749431391524,5.448861077257832,Standing
0.014607086342021895,0.0802574088986033,9.832741609895718,2.0194765736990597e-05,0.0006058429721097179,0.07722452351585544,0.04610613047349807,0.01551029678046051,5.494415999152243,Standing
0.01422795686210094,0.08017759773250564,10.480203835803332,0.000379129479920956,0.01137388439762868,0.0753388105240198,0.048248099817991,0.016165289005020317,5.6352151267814845,Standing
0.01362028234917775,0.07887104916087084,10.471220032375859,0.000607674512923189,0.01823023538769567,0.07247843107824808,0.04914970703983941,0.015319833915917076,5.790705885449743,Standing
0.013438071022856104,0.07844863367996717,10.532659043760555,0.00018221132632164662,0.005466339789649399,0.07185807989012412,0.04978115126233817,0.015239970843752835,5.837789779986878,Standing
0.013328859654598355,0.07889500991427616,10.360599319913938,0.00010921136825774863,0.003276341047732459,0.07129598478671405,0.050232557052711686,0.014883453475687843,5.919111758901144,Standing
0.013281285432594417,0.08223000922061041,10.282813581334189,4.757422200393768e-05,0.0014272266601181305,0.0708079528116309,0.05110263077021939,0.01474787428230322,6.1914194704982926,Standing
0.013915276698172973,0.08340046240552011,9.817591711253435,0.0006339912655785561,0.019019737967356683,0.07423695506885782,0.05332085355410517,0.011991687595509535,5.993446211275863,Standing
0.013765534857098001,0.08884120892917637,10.078334382606831,0.00014974184107497193,0.004492255232249158,0.07334855157927345,0.057818504816325826,0.0102191117268429,6.453887179208781,Standing
0.013340884766606461,0.09658869277235226,11.65314386263245,0.00042465009049154,0.0127395027147462,0.07083071067997614,0.06499081513915626,0.009274642160443972,7.240051500491421,Standing
0.012951140568381266,0.10196645167936638,12.840147895850313,0.00038974419822519583,0.011692325946755875,0.0689369247446006,0.06994049022561741,0.008883955465603144,7.873163845376357,Standing
0.012612958074717613,0.1079732526167555,13.544398490877125,0.00033818249366365273,0.010145474809909582,0.06690324511856299,0.07524304230802845,0.006091272633268862,8.560501983526404,Standing
0.013386276087673557,0.10680453315488649,12.116479000128198,0.0007733180129559439,0.023199540388678316,0.07102126868402048,0.07451319046666488,0.002173028589057807,7.978659072573214,Standing
0.014723826255460336,0.10736904064342959,11.410282901348047,0.0013375501677867791,0.04012650503360338,0.07790698274387818,0.07440619491915314,0.0002776337551185316,7.292196931732453,Standing
0.015560312847190921,0.114515888989481,11.545644143902932,0.0008364865917305855,0.025094597751917566,0.08214928394197624,0.07629671958353383,0.0016702301531332567,7.359484999696157,Standing
0.017170607315347784,0.11635101401860223,10.831463494559905,0.0016102944681568622,0.048308834044705866,0.08957851658821847,0.0766488180377291,0.004396276457938309,6.776173485407414,Standing
0.01759225253714152,0.11423909511343244,10.23912314756828,0.0004216452217937379,0.012649356653812137,0.09096504468790255,0.07623520609435123,0.0068309634252492315,6.493716189683268,Standing
0.01787568846200743,0.11144726520949572,10.082564097219429,0.0002834359248659081,0.008503077745977243,0.09190448797237877,0.07413514787930274,0.007952678536411337,6.234571912928732,Standing
0.018170473010573625,0.10967379180441841,9.490040192296664,0.00029478454856619526,0.008843536456985858,0.09336205255490672,0.0738430297807776,0.010082049619228739,6.035824809876874,Standing
0.01812713873942446,0.10896832229023502,9.465798099728614,4.333427114916466e-05,0.0013000281344749398,0.0934827450124458,0.07364155512636114,0.010996419408915548,6.011336033592624,Standing
0.018650168829137854,0.11041891810769344,9.923941903411224,0.0005230300897133937,0.01569090269140181,0.09621536117339388,0.07759245471171888,0.013345584939850604,5.920531825705613,Standing
0.017931100513528683,0.11065994528318865,10.076392614708505,0.0007190683156091705,0.021572049468275116,0.09248548443471369,0.0789376221647487,0.013181983305439116,6.171397299329049,Standing
0.017219902699007004,0.11052281573317413,10.315703534985213,0.0007111978145216795,0.021335934435650385,0.0889237312997096,0.07898315788943105,0.011815975038260094,6.418318248659297,Standing
0.016597693347420013,0.11340562599996384,10.674508141089172,0.0006222093515869907,0.018666280547609722,0.08556675587307246,0.08066975776996017,0.011435374732090437,6.8326136425211095,Standing
0.01695993760646401,0.11619471637221135,10.6689332999498,0.00036224425904399574,0.010867327771319872,0.08748301202688208,0.08171595870806997,0.01246504149514007,6.851128764054273,Standing
0.017145961308018612,0.11681726393097108,10.323719313274001,0.00018602370155460304,0.005580711046638091,0.08854724613792114,0.08222504183427268,0.013992224772030642,6.813106703812485,Standing
0.017060989490826073,0.11684983846844722,10.28448044246869,8.497181719253899e-05,0.0025491545157761697,0.0880645493368536,0.08284622720969158,0.014392179132693082,6.848948505084009,Standing
0.017666058332020854,0.11666440888375376,10.15774999820724,0.0006050688411947808,0.018152065235843423,0.09123835938801285,0.0833341773346726,0.016080906237487015,6.603873183883476,Standing
0.02026192941266418,0.116693571280139,10.090646652413337,0.002595871080643325,0.07787613241929975,0.1044795762924179,0.08239124466079713,0.016957083606975815,5.759252680408747,Standing
0.0226373973337665,0.116567777941903,9.220593637480519,0.002375467921102322,0.07126403763306967,0.11623248705400172,0.08107014790131092,0.020156939828899507,5.149345405005001,Standing
0.022686461143991594,0.1159940741891787,9.019503658246713,4.9063810225093846e-05,0.0014719143067528154,0.11635539006264321,0.07984436691508444,0.02106409618398785,5.11292058523192,Standing
0.022486138702775424,0.11528260842797909,9.00096779924436,0.00020032244121617054,0.006009673236485116,0.1152671105460604,0.07861000030291396,0.02092160117297499,5.126829908496027,Standing
0.02281261797282173,0.11549500494678952,9.018439052640142,0.0003264792700463058,0.009794378101389174,0.11697071380341616,0.07831537296316048,0.020758191973807568,5.0627685557346735,Standing
0.02223233734848636,0.11664109352035687,9.147697607647006,0.0005802806243353706,0.017408418730061118,0.11393754858644911,0.07832770681360428,0.0200894070844324,5.246461120665665,Standing
0.020369971221821517,0.11674948249436487,9.200689632178015,0.0018623661266648425,0.055870983799945276,0.10442292522145107,0.07834074003335847,0.01967057583278005,5.731450536822356,Standing
0.018556471753495805,0.11671153257452996,9.249250027308497,0.0018134994683257112,0.054404984049771336,0.09513447605540713,0.0783425258975401,0.01878487657020601,6.289532521317959,Standing
0.017341226960387337,0.11661806766976232,9.213877035387076,0.0012152447931084685,0.036457343793254056,0.0889709127116404,0.07824502754162553,0.017974031305728496,6.724902911204244,Standing
0.01647684583234717,0.1165619202576662,9.118881999264618,0.0008643811280401661,0.025931433841204984,0.08459220407520558,0.07800850965296144,0.017271722852614933,7.074286028023219,Standing
0.015710653593846515,0.11652950786189926,9.06085296585969,0.0007661922385006556,0.022985767155019668,0.08069743868913093,0.07781035043348017,0.016375977513735908,7.417228517312677,Standing
0.015375964226227215,0.11652356731263692,9.075697482072306,0.00033468936761930045,0.010040681028579013,0.07900724586051984,0.0777270514962079,0.015350286709994795,7.578293341361929,Standing
0.01519442985000135,0.11655859078744928,9.092711188556933,0.00018153437622586525,0.005446031286775958,0.078099490346006,0.07776961358016696,0.014809017598388667,7.671139485858294,Standing
0.015038380131873788,0.1166092637395163,9.228763354708384,0.000156049718127561,0.00468149154382683,0.07726990985486855,0.07772099698442762,0.013767300773011979,7.75411066331296,Standing
0.015030699009312197,0.11660928337286784,9.298591309834018,7.681122561591786e-06,0.00023043367684775357,0.07722217266279444,0.07759863726613676,0.013206086950743386,7.7580745446784025,Standing
0.015179025785233325,0.11653279647445912,9.38130155533834,0.0001483267759211284,0.004449803277633852,0.0779457895382007,0.07755322149841472,0.012812754791986321,7.67722501583904,Standing
0.015464618165792653,0.1164155338117882,9.487013175727695,0.0002855923805593283,0.008567771416779849,0.079372603130781,0.07749341730039067,0.012353581731821541,7.527863446980956,Standing
0.01575270586402249,0.11562383973091883,9.533777721065375,0.0002880876982298379,0.008642630946895137,0.08084529498589509,0.07707566126956288,0.012017302748345405,7.339935165995286,Standing
0.016122537335389826,0.11555582461404643,9.687661084203233,0.0003698314713673351,0.011094944141020052,0.08272462924084589,0.07712349807536478,0.0115447479326424,7.167347310797988,Standing
0.016425145161314582,0.11589231130170358,9.864515103256531,0.00030260782592475555,0.009078234777742666,0.08428155321811277,0.07709055771186689,0.010602271004741735,7.055786123258113,Standing
0.01664422450670992,0.11585412250128034,9.994350520244886,0.00021907934539533783,0.006572380361860135,0.08543598932668714,0.07699601109401798,0.009833483921452417,6.960620030964804,Standing
0.016843497640721978,0.11610400936594668,10.113234853421947,0.0001992731340120582,0.005978194020361746,0.08652470262340796,0.07697860590044749,0.009318072023423225,6.893105686389375,Standing
0.017296222886757112,0.11665054415344554,10.245608182492129,0.0004527252460351343,0.013581757381054028,0.08893420152494494,0.07714264270535698,0.008965807365911946,6.744278500409432,Standing
0.017901471391724835,0.11763339995650998,10.34742518644254,0.0006052485049677231,0.018157455149031693,0.09207297918919646,0.07744995592532175,0.008714760077281053,6.571158168087088,Standing
0.01831933404959935,0.11772721326381369,10.31948223203814,0.0004178626578745133,0.012535879736235399,0.09418059097626387,0.07737287919713769,0.008684462955200522,6.426391535034454,Standing
0.018949194619302258,0.11834463447766079,10.316474645072422,0.0006298605697029093,0.01889581709108728,0.09744215539017607,0.07763710966138182,0.009012231359687362,6.2453648746164205,Standing
0.01953568759300915,0.11875622503734165,10.320520306027307,0.0005864929737068938,0.017594789211206815,0.10046453995040155,0.07772383350519915,0.009335345680035289,6.078937558350318,Standing
0.02039319025240757,0.11879201213471455,10.253231095001725,0.0008575026593984174,0.02572507978195252,0.10473874373261097,0.07759189257886605,0.009748490471644108,5.8250823272092145,Standing
0.021039423151390096,0.11659985487652123,10.107885404606161,0.0006462328989825274,0.01938698696947582,0.10803965518208784,0.07707480570482904,0.010416247787129622,5.5419701404131585,Standing
0.02122890615263613,0.1161636249879862,10.006470874971189,0.00018948300124603523,0.005684490037381057,0.1087808006131413,0.07683968038566706,0.010777435377451482,5.471955274226948,Standing
0.02135650213319131,0.11619999673900891,10.016437039664012,0.0001275959805551799,0.003827879416655397,0.10947073416755967,0.07672222136621884,0.010898113645999472,5.440965754331844,Standing
0.021440010859595092,0.11579717004806787,10.004253054062392,8.350872640378038e-05,0.0025052617921134113,0.10991629961616926,0.07654518846661248,0.010914806422909852,5.40098467330043,Standing
0.021659265040833202,0.11707647701015786,9.971201074323135,0.0002192541812381099,0.006577625437143297,0.11125235014560407,0.07637340675081172,0.010793259461945485,5.405376257663362,Standing
0.0216048046166397,0.11569156069439906,9.69485623934691,5.446042419350247e-05,0.0016338127258050741,0.11116556710774808,0.07527583539121101,0.010659123169283016,5.354899650668219,Standing
0.020645605192111803,0.11263336655851158,9.060970198278547,0.0009591994245278963,0.02877598273583689,0.10645290512032034,0.07292012263666794,0.010163468819876922,5.455561389963329,Standing
0.01912773828453543,0.11109973438423427,9.18998155082625,0.0015178669075763714,0.04553600722729114,0.09858146958719455,0.07203816402512361,0.009283566406315698,5.808304815319289,Standing
0.01849925364892304,0.10949327711299271,9.258719032700732,0.0006284846356123912,0.018854539068371735,0.09530975214887914,0.07077359459087647,0.007715070259045015,5.91879430332407,Standing
0.017871013934669965,0.10393392036678625,9.401478583568991,0.000628239714253076,0.01884719142759228,0.09206597405382273,0.06875026710232147,0.006308084653002154,5.815781955446484,Standing
0.017211090235914564,0.10334848451151295,9.402781286663657,0.0006599236987554005,0.019797710962662016,0.08921929876671625,0.06815340561444075,0.006578479683065512,6.004761063645728,Standing
0.017831402879207668,0.10060498369671556,9.312272233002496,0.0006203126432931041,0.018609379298793124,0.09272889814139366,0.06776551561963641,0.007236918430590441,5.642011701391489,Standing
0.017800759578034307,0.10022793840405261,9.145224878163907,3.064330117336089e-05,0.0009192990352008268,0.09266490876629507,0.06747222730136392,0.007444347800393043,5.630542784687199,Standing
0.01608635171699546,0.10089437265228379,9.589298298189867,0.001714407861038849,0.05143223583116547,0.08433780776214761,0.0680125952115122,0.005703760760258612,6.2720481577987295,Standing
0.01332876085840434,0.10534448520063582,10.268148726956104,0.002757590858591119,0.08272772575773357,0.07038512184146672,0.06976507647174389,0.0044142775981991615,7.903546797766405,Standing
0.014763138249072208,0.10789223211025775,10.224429364670362,0.0014343773906678684,0.043031321720036056,0.07797697016687277,0.07014481671484467,0.004815261199758365,7.308217960841643,Standing
0.012470071262496923,0.11032840645544642,11.170879047005796,0.002293066986575285,0.06879200959725855,0.06615846974196178,0.07109407534854663,0.0023760636879142562,8.847455971422814,Standing
0.011061121042999148,0.11181384120914704,12.116702717766595,0.001408950219497775,0.04226850658493325,0.05884214180050117,0.07247416432583585,0.0026992794964475885,10.108725939665648,Standing
0.011288728981394451,0.11244329360508262,12.03172215992319,0.00022760793839530363,0.006828238151859109,0.06004293783638392,0.07275584636252676,0.002839905719448262,9.960669070043787,Standing
0.010799031621949695,0.11267059449680603,12.14710823317117,0.000489697359444756,0.014690920783342679,0.05733017090707381,0.07201524121045108,0.00439479225196935,10.433397960220445,Standing
0.011060578969663035,0.11300533402845821,12.03151018300146,0.0002615473477133399,0.007846420431400197,0.05871060461976425,0.07202774834480076,0.0035382511493275044,10.216945635342356,Standing
0.011597974377689791,0.11315142273675986,12.056653448682564,0.000537395408026756,0.01612186224080268,0.061494733242217624,0.07223156437589827,0.002592813093405753,9.756136636620038,Standing
0.012176720788152134,0.11272096361322195,12.459479573723268,0.0005787464104623427,0.01736239231387028,0.06414510261970598,0.07288492304628054,0.0032669922713427584,9.257086992000234,Standing
0.012161606738725999,0.11049792144394786,12.244592422971875,1.511404942613516e-05,0.0004534214827840548,0.06383317745251509,0.07242850952207408,0.0012706714410866708,9.085799583708885,Standing
0.012557550703036083,0.10875808845410856,12.207739087863523,0.0003959439643100842,0.011878318929302526,0.0658726616927083,0.07224915749878412,0.0008023600463595164,8.660772393123903,Standing
0.01239145346334988,0.10175956980834881,12.549849335708943,0.00016609723968620364,0.004982917190586109,0.06488414438828465,0.06558371059276535,0.006426381194387059,8.21207698590988,Standing
0.013116663689884192,0.0987247101165251,11.945555267457603,0.0007252102265343126,0.021756306796029377,0.06840661181097389,0.061611993277779706,0.0072124875051005335,7.526663216398799,Standing
0.013340643318753752,0.09853916257623065,12.10720496565769,0.00022397962886955974,0.006719388866086792,0.06908660497128831,0.061466979265237205,0.007909653442013739,7.38638761428455,Standing
0.013832741692182477,0.0951743436926823,12.897404067305445,0.0004920983734287253,0.014762951202861758,0.07109676391005801,0.058431698563179355,0.012315428864309764,6.880367306104597,Standing
0.01446175736788963,0.09194402684580338,13.292833393459356,0.0006290156757071536,0.018870470271214607,0.07432590359516725,0.05132043799488627,0.01720042290458766,6.357735405653576,Standing
0.015479169336510971,0.09057412738816609,13.65614543625473,0.0010174119686213404,0.030522359058640213,0.07961898355644809,0.04850338904830657,0.019226237088939238,5.851355807221994,Standing
0.014448533763718503,0.09037467502337133,12.558177532609093,0.0010306355727924682,0.030919067183774046,0.0744256537644783,0.04541047487950542,0.018697493814140084,6.254937456028226,Standing
0.014199964454001759,0.0896425182445165,12.288462163226903,0.00024856930971674414,0.007457079291502324,0.07321436062984822,0.0442451823527234,0.01796568941706938,6.31286920012352,Standing
0.014210879454284519,0.08712278094290962,11.372959368528779,1.0915000282760157e-05,0.0003274500084828047,0.07350055001779157,0.040787365317377824,0.016421629771894382,6.130710011521664,Standing
0.016281922809219026,0.08719239217751829,11.042627014311487,0.002071043354934507,0.06213130064803521,0.08397668732789978,0.04085651607177311,0.015435032318015018,5.3551655537974225,Standing
0.0226369218541409,0.07906846758653639,9.998619228843909,0.006354999044921875,0.19064997134765627,0.11682260648952354,0.037607421159571025,0.015064792910358577,3.4928983762018264,Standing
0.023148041095695793,0.07725132616689767,9.62058742283801,0.0005111192415548915,0.015333577246646746,0.11926655304134916,0.03651325940760328,0.015265436551809558,3.3372727241814855,Standing
0.023613832809188134,0.07024157175731016,8.936280714226369,0.0004657917134923417,0.013973751404770252,0.12210838406840874,0.03069243143813628,0.014597311405046385,2.9745942695918126,Standing
0.02357682122643313,0.06402219206807588,8.723536417899734,3.701158275500396e-05,0.001110347482650119,0.12251162281030398,0.025986812377490082,0.015245020227535258,2.7154717530918657,Standing
0.023192365795364035,0.056451566403977256,8.595369099258056,0.0003844554310690959,0.011533662932072877,0.1211359294269928,0.019570193885639874,0.016337247249733768,2.4340581250775832,Standing
0.023050408637462046,0.04550252378037077,7.713705693200316,0.0001419571579019882,0.004258714737059646,0.12120774555723138,0.014005245073976387,0.01607107187048734,1.97404412633358,Standing
0.023708241733129437,0.030137083733032255,6.093395048780977,0.0006578330956673907,0.01973499287002172,0.1245610079946508,0.0053517190451124515,0.015970500379339725,1.2711648578696275,Standing
0.02386932311275313,0.02939207932372792,5.125889783011883,0.000161081379623694,0.00483244138871082,0.12580467788077013,0.0024779492647851154,0.015704546545300218,1.231374647068397,Standing
0.023956394575605864,0.03207947385394383,4.721817831969051,8.70714628527329e-05,0.002612143885581987,0.12636547939859413,0.0023482353647497835,0.015415500215288348,1.3390777043975337,Standing
0.024204567990284653,0.03191856625757369,4.010024609131185,0.0002481734146787887,0.00744520244036366,0.1278513229994207,0.0017950206970740365,0.015059351305139305,1.318700101170379,Standing
0.025580291842883275,0.026488804943906808,2.7598816705107443,0.0013757238525986225,0.041271715577958674,0.13412072870622196,0.0033993394452037804,0.015680790737229406,1.0355161351013393,Standing
0.026438622764615047,0.015477097404740415,1.483772395797952,0.0008583309217317717,0.02574992765195315,0.13761096465090067,0.0072861791254982215,0.015659869366431396,0.5853972630319711,Standing
0.026612836114286845,0.014034349077726565,0.5882570737959836,0.0001742133496717979,0.005226400490153937,0.13832542069579568,0.00910342307509295,0.015109130937860283,0.5273526285382398,Standing
0.026153789657545647,0.014006817949063445,0.4087110673003972,0.0004590464567411981,0.013771393702235943,0.13604267854972885,0.009571925306231287,0.013871082105420375,0.5355559608174156,Standing
0.026311580104019766,0.014691966314436818,0.3670885350789377,0.0001577904464741195,0.004733713394223585,0.13689315276314962,0.009758899280067063,0.013609538706074379,0.5583840368519808,Standing
0.026309426209648427,0.014607219428931372,0.11327502204306178,2.1538943713386716e-06,6.461683114016015e-05,0.13660846299209148,0.010608286642749924,0.01347114422596516,0.5552085899758042,Standing
0.025340687075107202,0.014842735229959212,0.07120681759618376,0.0009687391345412251,0.029062174036236753,0.13130435847963556,0.010770776066490007,0.012564740663790656,0.5857274187541508,Standing
0.02321967505844542,0.014189008165344491,0.15740189369100627,0.0021210120166617816,0.06363036049985345,0.12042249692574437,0.011428369943743796,0.01167517641754178,0.6110769478741559,Standing
0.021649022522763375,0.013802281557230258,0.36081490327277177,0.001570652535682046,0.04711957607046138,0.1123026719883821,0.01202392942927429,0.010377350967532718,0.6375475633007229,Standing
0.021312547427797174,0.013653423990520172,0.43317846657722814,0.00033647509496620084,0.010094252848986025,0.11026479607077755,0.01211636890928437,0.01010077634397881,0.6406284390345808,Standing
0.021508229214169918,0.013130131879899599,0.4590684182940942,0.00019568178637274433,0.00587045359118233,0.11093670971909914,0.012644264579104272,0.010471166874470347,0.6104701483862413,Standing
0.021720113053580063,0.01297318053020468,0.0770334121428139,0.00021188383941014508,0.006356515182304352,0.11203632941352498,0.012217596492233937,0.010772593134977365,0.5972888123649222,Standing
0.021850876665643146,0.012572845823249468,0.05678584132459442,0.00013076361206308326,0.003922908361892498,0.11264426263699963,0.012145844488245306,0.010515017441455818,0.5753931988924805,Standing
0.021942881795831367,0.012258465319496687,0.18959329718236814,9.200513018822049e-05,0.0027601539056466146,0.1128523438084733,0.012149251923686733,0.00984838098573249,0.5586533908151257,Standing
0.02189186628530908,0.012451177740989779,0.027123176377876326,5.1015510522285645e-05,0.0015304653156685694,0.11249975401184614,0.012970481473406974,0.009504704855681945,0.5687581670159094,Standing
0.02143150673020083,0.013051235121374127,0.14788616358744916,0.0004603595551082515,0.013810786653247545,0.11013612793839674,0.013720045637560793,0.009313669276023647,0.6089742212563432,Standing
0.021158203935335327,0.013499253325186379,0.3482673636601819,0.00027330279486550285,0.008199083845965086,0.10870176475139669,0.014367695071128525,0.009158129444757388,0.6380150870292873,Standing
0.02053076568421397,0.01394964555916532,0.4466073342656592,0.0006274382511213573,0.01882314753364072,0.10547115469756681,0.014648687079985007,0.008875167305572671,0.6794508190160268,Standing
0.020270052465180027,0.01607357751683341,0.4693632055897941,0.000260713219033943,0.00782139657101829,0.10419422389879349,0.011065287637002688,0.008412060930982294,0.7929716780183309,Standing
0.021146697909880236,0.022862915850851012,0.6264688707607435,0.0008766454447002095,0.026299363341006285,0.10900933667093991,0.005322009954611699,0.008082330426351045,1.0811577272387722,Standing
0.02148618680188066,0.021943695736161232,0.8995335693014203,0.0003394888920004238,0.010184666760012714,0.1113240621695706,0.005811580065411113,0.007556854463798032,1.0212931656277198,Standing
0.021593120767134367,0.021497179304053846,1.1883570717468788,0.00010693396525370685,0.0032080189576112056,0.11192857140978102,0.006801820986441513,0.007462139577476863,0.9955568505305381,Standing
0.021525523659163957,0.021313130445583025,1.319082507027453,6.759710797040949e-05,0.0020279132391122848,0.11161025527074599,0.007271860870181927,0.007356220969785846,0.9901329595068638,Standing
0.02139751368321638,0.0199153079059399,1.5316378110511308,0.00012800997594757807,0.003840299278427342,0.11099282570411866,0.008146062270668072,0.007341091830333708,0.9307299997924955,Standing
0.022172906045091454,0.014823247947991615,2.106761763357415,0.0007753923618750748,0.023261770856252244,0.11494761872307575,0.010874301294831289,0.007391545377847882,0.668529777641534,Standing
0.022125451015536823,0.014801861326242432,2.3857211754851955,4.745502955463138e-05,0.0014236508866389413,0.1150302809454689,0.011899621055704399,0.007379771671175437,0.6689970439856048,Standing
0.022175259073170344,0.01445675873099539,2.4290501552876327,4.980805763352136e-05,0.001494241729005641,0.1155839371094486,0.011490685715298118,0.007340370397835508,0.6519318977646804,Standing
0.02197916878914573,0.014935713595854777,2.7841430476582154,0.00019609028402461232,0.0058827085207383695,0.11498831037924921,0.011686134145272602,0.007497050795992857,0.6795395103035325,Standing
0.02177483375592854,0.014997176420646253,3.061434479059279,0.00020433503321719282,0.0061300509965157846,0.11470576493459189,0.011475664203404363,0.007928037207151803,0.6887389630041624,Standing
0.02180740560678265,0.015392672604248288,3.5010929647294526,3.257185085411146e-05,0.0009771555256233438,0.11474331436266776,0.012112186735530071,0.008191084549370497,0.7058461185983894,Standing
0.02169777097888213,0.018062195194118072,3.5702783707777535,0.00010963462790052059,0.0032890388370156176,0.11393229952201474,0.010163446044626875,0.008850757923318422,0.8324447341479239,Standing
0.020574999094606916,0.02225591038600916,3.398002815085305,0.0011227718842752137,0.03368315652825641,0.10815797164931076,0.008040995893371653,0.008985704754545954,1.0816967856801918,Standing
0.01937110437696321,0.021908565821339356,3.8732840517849665,0.0012038947176437054,0.03611684152931116,0.10167715273486806,0.009002018269477205,0.008926285882391704,1.1309920898156836,Standing
0.018857703263990718,0.02289755320753955,4.04798961767712,0.0005134011129724926,0.015402033389174778,0.09935174809470154,0.008033893186021053,0.008549376800561947,1.2142281001559203,Standing
0.018847283026713985,0.022538465089305727,4.7791712825158115,1.0420237276733552e-05,0.00031260711830200655,0.09919498319138621,0.0068278826784369485,0.008923972211161329,1.1958469057508125,Standing
0.01920105811364381,0.02201275368419512,5.440838443228947,0.00035377508692982507,0.010613252607894752,0.10027202566813838,0.0071557737599687275,0.01053973179931649,1.1464344076201398,Standing
0.019214710938713804,0.022228672464799648,5.5537408522227665,1.3652825069994379e-05,0.00040958475209983136,0.10031218878694191,0.006401159834807825,0.010555287870350833,1.1568569798264992,Standing
0.01903934750553662,0.023662107565705116,5.547130966207502,0.00017536343317718292,0.005260902995315488,0.09936422054427814,0.006301984498516692,0.010468337145439856,1.2428003406537016,Standing
0.018952423553870234,0.023295416390125646,5.62180517702636,8.692395166638722e-05,0.0026077185499916167,0.098744822351131,0.006622737632970887,0.010492394941153586,1.2291523732524718,Standing
0.01892659282918574,0.024385173902319753,5.618070779578275,2.583072468449396e-05,0.0007749217405348188,0.09861732009822585,0.006651496679510816,0.01067773166240567,1.2884080152406836,Standing
0.0193879877509816,0.02641386181643121,5.647068891028303,0.0004613949217958588,0.013841847653875763,0.10095682214283516,0.006055678035502374,0.011176206922764385,1.3623828401219151,Standing
0.019784007622243405,0.030824464768935984,5.411963227315695,0.0003960198712618067,0.0118805961378542,0.10287939887750353,0.005775722756089705,0.010473634450979328,1.558049580120443,Standing
0.01931768322556509,0.028671941590647936,5.381118106308027,0.0004663243966783158,0.013989731900349474,0.10000586526106338,0.006049095374895493,0.009460098918983747,1.484232930825959,Standing
0.020447623033494747,0.029553291709025844,4.586608237067504,0.0011299398079296571,0.033898194237889714,0.10584912166068891,0.005405069225218081,0.007648738570419973,1.4453167324444178,Standing
0.021247206294784465,0.03305894580990308,4.406189619464271,0.0007995832612897186,0.023987497838691557,0.10992529504428278,0.0045425367807382195,0.0073639241402822095,1.5559196513293154,Standing
0.020747433451048323,0.03999136897342118,3.722861274204855,0.0004997728437361425,0.014993185312084274,0.10732306215587806,0.0037723152102091405,0.007746504658904432,1.9275333051568606,Standing
0.02144056317924923,0.0361005683217513,3.2927880968212,0.0006931297282009065,0.020793891846027195,0.11104029830632395,0.003118017268309649,0.00865913869770315,1.6837509360150777,Standing
0.023138901464343033,0.03214631650977366,3.253277271312989,0.0016983382850938034,0.0509501485528141,0.11970782692736043,0.002922101529732814,0.009030579970053656,1.3892758288162912,Standing
0.02368967009463905,0.03210755613767185,3.1572018532009203,0.0005507686302960169,0.016523058908880506,0.12211969576454106,0.0031578722858339892,0.00896989964475933,1.3553399439250848,Standing
0.024325305374148967,0.02930623508228607,3.279026543177896,0.0006356352795099177,0.01906905838529753,0.1248481700608038,0.0024096798114289692,0.008882855743911993,1.204763296144699,Standing
0.026006771325157385,0.022978921157601175,3.85755905552687,0.001681465951008418,0.05044397853025254,0.1332004849333952,0.0031003454067020293,0.008182620997516842,0.8835745456558366,Standing
0.026621428544300458,0.02101163716617129,4.079583045487778,0.0006146572191430728,0.018439716574292185,0.13607297875467725,0.0032810186003870727,0.008094764428724689,0.7892753437782661,Standing
0.02711283676186515,0.020943311993694206,4.015260190501779,0.0004914082175646907,0.01474224652694072,0.13864256878961886,0.0030034948032718303,0.007971302884871795,0.7724500456238306,Standing
0.028211007472293763,0.020467435167721603,4.08585018156349,0.0010981707104286142,0.03294512131285843,0.14394445207524345,0.002830451324999934,0.007951864562479658,0.7255123797979501,Standing
0.02903593412253624,0.01988082535380639,4.113236998127487,0.000824926650242478,0.02474779950727434,0.1481502165994296,0.0027239383409788163,0.00790938457748167,0.6846972881914583,Standing
0.029282212728982036,0.019860487844745898,3.9621975539481062,0.00024627860644579544,0.007388358193373863,0.1497339914521602,0.002753750945179178,0.008036211941015971,0.6782440940704253,Standing
0.03020557328000037,0.020152931526059816,3.6592986764385302,0.0009233605510183332,0.027700816530549996,0.15430871713679306,0.003339854556982358,0.00939577727608092,0.6671924859444207,Standing
0.03092975318102298,0.019454528573842327,3.472860912079231,0.0007241799010226091,0.021725397030678273,0.15759308467887934,0.004133636351176598,0.01013266229939601,0.6289907475168182,Standing
0.0319861155240731,0.018971120481793283,3.5196118882810103,0.0010563623430501212,0.03169087029150364,0.1630680234209404,0.004116024873001297,0.010771935671721666,0.5931048572470581,Standing
0.03131708534092674,0.01705535522700833,3.47053458259527,0.0006690301831463602,0.020070905494390806,0.16076111157500098,0.004353184691295093,0.010766057794106762,0.5446022527747668,Standing
0.03078731666343851,0.01420580655396488,3.476595349397019,0.0005297686774882286,0.01589306032464686,0.15758926663077288,0.004699472552185871,0.011466532198973353,0.4614174956934455,Standing
0.0303849356825455,0.01387981066207959,3.4137652409487775,0.00040238098089300997,0.012071429426790299,0.15541633196039223,0.004842700397851963,0.011695501261206144,0.45679907988262713,Standing
0.03025408514247118,0.015191991175941045,3.083084939414367,0.0001308505400743204,0.003925516202229612,0.15470952457943787,0.004561952318974473,0.012572458334253933,0.5021467713996176,Standing
0.028835432530392266,0.027392893707715065,1.6804322943711805,0.0014186526120789147,0.04255957836236744,0.14738087903935856,0.01062985742812984,0.012228979559410312,0.949973393977816,Standing
0.025961671322656314,0.026746346555961375,1.6302508266210864,0.0028737612077359524,0.08621283623207858,0.13307866116410993,0.010107984160107667,0.011963018141639817,1.0302243728284275,Standing
0.023211174656796462,0.024480889828134556,1.8039695749220008,0.0027504966658598515,0.08251489997579554,0.1189082879174057,0.006329952095972748,0.010595228227741098,1.0547027537430687,Standing
0.02066215185050479,0.024377382726247288,1.6927149356796345,0.0025490228062916703,0.07647068418875011,0.10515564941775793,0.00499525221014555,0.0081697247918221,1.1798085166841774,Standing
0.018812541682586826,0.023661844621986308,1.5417713031127898,0.0018496101679179658,0.055488305037538974,0.09548650904841138,0.003989395601907504,0.007324767457916371,1.2577696847783237,Standing
0.017799043406238717,0.018929790923814728,1.541300805382264,0.0010134982763481092,0.030404948290443275,0.0902046999976423,0.004233720597373372,0.0072278850164947525,1.0635285555390956,Standing
0.017220801273333322,0.017068407882315235,1.6198567616411716,0.0005782421329053947,0.01734726398716184,0.08707655988603959,0.004659157344012275,0.00732471117571484,0.9911506213561578,Standing
0.016690720211563852,0.026122209600496663,1.6404010477282818,0.0005300810617694697,0.01590243185308409,0.08487538846372131,0.00363551995259958,0.005934599654246266,1.565073841594827,Standing
0.016746942500518284,0.0298267257838044,1.7879774882462434,5.622228895443143e-05,0.001686668668632943,0.08520392947160732,0.003757331263277475,0.006088509100379465,1.781025150285273,Standing
0.016728927788165454,0.031038981952791502,1.7727856495963128,1.8014712352829726e-05,0.0005404413705848918,0.08514530706168894,0.0036388080406063363,0.006073021428540204,1.8554077311965809,Standing
0.016855750734439266,0.035639341907225085,1.7651487727499127,0.00012682294627381144,0.003804688388214343,0.08602918107521713,0.0032764351739647656,0.006065937898385509,2.1143728611510393,Standing
0.01714745611178052,0.03790661236376783,1.7313528729632262,0.0002917053773412552,0.008751161320237656,0.08755808421801324,0.0030558626316057936,0.006117601755249252,2.210626002869633,Standing
0.017725723382647978,0.04318835519464668,1.9034188557818947,0.0005782672708674573,0.01734801812602372,0.09080852471385381,0.004637326021363268,0.006474644394471637,2.4364791361307443,Standing
0.018192772552824827,0.05221199152408116,1.813963382176956,0.00046704917017684894,0.014011475105305468,0.09328725901232565,0.0072755937040580474,0.006501476251203662,2.8699304282773603,Standing
0.018460935144771498,0.05322045504056395,1.9932518168279814,0.0002681625919466711,0.008044877758400133,0.09451167068687862,0.008454781968875398,0.006578195666882084,2.8828688591995317,Standing
0.018959312704188443,0.0528747885266697,2.0105319409193925,0.0004983775594169446,0.014951326782508337,0.09705786340357658,0.008378816001652587,0.0066453425863099765,2.7888557645335283,Standing
0.019427033196052015,0.05207761453325123,1.9888876141877156,0.00046772049186357204,0.014031614755907161,0.09937555554773957,0.010322560340519364,0.00644122985201101,2.6806776931762544,Standing
0.020042634042583843,0.04779129121711117,2.3117131782998954,0.0006156008465318281,0.018468025395954844,0.10258545783398368,0.00908420923316749,0.007159764831101452,2.384481556444666,Standing
0.020802255731642603,0.04515485619022075,2.8450730943712266,0.00075962168905876,0.0227886506717628,0.1066288803860998,0.007304714459626961,0.007905009996231888,2.1706711412808497,Standing
0.02267782987724184,0.04046707974916018,3.323047174521919,0.001875574145599239,0.05626722436797717,0.11604065527891073,0.005765041750289748,0.009040780421363305,1.7844335180312205,Standing
0.024297433787051497,0.03536821249495039,3.695752194304215,0.0016196039098096554,0.04858811729428966,0.12400366096126415,0.003980226294359469,0.009870916669465987,1.4556357187728481,Standing
0.024331165131291636,0.03299729473930517,3.954670470272243,3.373134424013852e-05,0.0010119403272041555,0.12380086073210553,0.0031832447197044102,0.011199952456012055,1.3561740492594934,Standing
0.027393118834374435,0.03320407052201298,3.9853980669929867,0.0030619537030827995,0.09185861109248399,0.13941287008948705,0.004250524914744864,0.012743955966487164,1.2121318029820916,Standing
0.028791228440077435,0.034199325661086626,4.023583536376789,0.0013981096057029997,0.04194328817108999,0.14628999092357195,0.0054521190094319995,0.014402728751285692,1.187838363071758,Standing
0.028567836183240165,0.03340406091681081,3.784642672500066,0.00022339225683726954,0.006701767705118086,0.14517922510143494,0.00519521336827083,0.013243531861132541,1.1692891510071002,Standing
0.028559282265946416,0.03366356104622655,3.9009837744535556,8.553917293749325e-06,0.00025661751881247974,0.14498950828058907,0.004907933829847093,0.013206899572976246,1.1787257373189097,Standing
0.029141167680899565,0.03539771933149963,3.9777462834883597,0.000581885414953149,0.01745656244859447,0.14785301746634624,0.004687529590983736,0.013439308224082687,1.214698042271686,Standing
0.03011462184459219,0.03737636583409376,3.954854782490172,0.000973454163692624,0.02920362491077872,0.15266952950025198,0.00510330966618287,0.014889665641393924,1.2411368147664652,Standing
0.033331598125738854,0.03848596927211742,3.9746467295629446,0.003216976281146665,0.09650928843439995,0.16908150455092333,0.005687907048226525,0.016376042943417112,1.1546391843239683,Standing
0.03618268200067896,0.03819184977566246,4.244923465287496,0.002851083874940104,0.08553251624820311,0.18329366815679976,0.005264231661240256,0.01821574943608739,1.0555284369175784,Standing
0.0374624473335476,0.038619530656414415,4.329193164715887,0.0012797653328686445,0.038392959986059336,0.18987269284516356,0.006829832896853968,0.018883718161797694,1.030886485139764,Standing
0.037647512892914216,0.038562580773519144,4.525968438986974,0.00018506555936661367,0.00555196678099841,0.1911275112302796,0.006874046575165362,0.01892202282037133,1.0243061974162218,Standing
0.03814118250506358,0.03854440081489214,4.652858856465337,0.0004936696121493611,0.014810088364480833,0.19404368417419945,0.007102138530165008,0.01852072195703324,1.0105717306949,Standing
0.03714203642779935,0.038720200589279094,4.678226458530392,0.000999146077264229,0.029974382317926873,0.18910762353056781,0.007635205020930351,0.01784262207788857,1.0424899739826476,Standing
0.03742883499564544,0.03869672119743418,4.687849416216455,0.00028679856784609437,0.008603957035382831,0.19081625641324118,0.007610242730852396,0.017261942331699358,1.0338745836448353,Standing
0.037383732346899685,0.03791007575952646,4.6978355084062144,4.510264874575676e-05,0.0013530794623727027,0.190610818570211,0.007558876856388439,0.01704783240002117,1.0140794773443862,Standing
0.037053042921422245,0.03774856506589545,4.689623469230023,0.00033068942547744007,0.009920682764323202,0.1889577034964746,0.007860156931436824,0.01695552185309444,1.018770985852584,Standing
0.0370684250609215,0.037669020862308764,4.6858073312465365,1.538213949925371e-05,0.0004614641849776113,0.18909603305226197,0.007947077051716113,0.017013046901362155,1.0162023555195612,Standing
0.036452538591764845,0.03738097593270636,4.679078905359995,0.000615886469156654,0.01847659407469962,0.186220819753712,0.007971617158323424,0.016898947366467798,1.0254697581240957,Standing
0.0352087177160565,0.037430161491891274,4.614251060147969,0.0012438208757083458,0.03731462627125037,0.18027084592339807,0.00812208470991407,0.016569790534304876,1.0630935722723498,Standing
0.0343483778549151,0.03751649398835741,4.582787065490303,0.0008603398611413959,0.025810195834241878,0.17619754298056012,0.00801442835429733,0.016411380119328214,1.092234810820592,Standing
0.03361339022423999,0.03697926325187551,4.593493669655284,0.0007349876306751157,0.022049628920253472,0.1724754651473039,0.007710789744141961,0.016052966304690896,1.1001348868763692,Standing
0.03360071219760404,0.0372524101038752,4.698549413576488,1.2678026635945527e-05,0.0003803407990783658,0.17241104150586115,0.007600000540957315,0.015674575300212747,1.1086791817029267,Standing
0.03333543555772059,0.03549047991563617,4.799679064994816,0.00026527663988345357,0.007958299196503607,0.17100379048274314,0.006903743440507455,0.014733491838171272,1.064647253646472,Standing
0.033695696989331024,0.035302232556961334,5.023099148752215,0.0003602614316104355,0.010807842948313065,0.17276370448824085,0.006725095526285089,0.015250549710679476,1.0476777663373156,Standing
0.034034556359860066,0.03514347202158138,5.135026398543367,0.00033885937052904186,0.010165781115871256,0.174418415547161,0.006397576682128115,0.01572120688819242,1.0325820513126815,Standing
0.03481101660130245,0.035542460650494136,5.142554567944194,0.0007764602414423866,0.023293807243271597,0.17820379930882274,0.0062256591697253255,0.01695702252521954,1.0210118554585481,Standing
0.03543275335112978,0.03501473720312821,5.095816330520238,0.0006217367498273299,0.018652102494819897,0.1813982525503728,0.005624338171513219,0.0176690563890412,0.988202549661915,Standing
0.03523009728432953,0.034878163628218814,5.0271598743937105,0.00020265606680025527,0.006079682004007658,0.18054522193157488,0.0049415000456069814,0.017621943271279996,0.9900104262196502,Standing
0.035492836422352826,0.03615512400024646,4.84331067280234,0.00026273913802329907,0.007882174140698972,0.18184641176581343,0.005352781310864615,0.01784562336600562,1.0186597534784945,Standing
0.03498262177061805,0.03630782025680874,4.822842640627692,0.0005102146517347791,0.015306439552043374,0.17887815225289622,0.004653177669017337,0.018011121794265346,1.0378816229063692,Standing
0.034354128717591616,0.035231402475158415,4.813179631368134,0.0006284930530264313,0.018854791590792938,0.1744932173546401,0.004255117344088598,0.018698720188427095,1.0255361958027938,Standing
0.03371956412978389,0.03643362015438318,4.515289154482385,0.0006345645878077233,0.0190369376342317,0.17101826365790096,0.005254609250352268,0.018503818812719293,1.0804890601240604,Standing
0.03274147628577866,0.03703961085161334,4.330943559305622,0.0009780878440052293,0.02934263532015688,0.16594506474961854,0.005798091574566126,0.018087585994476782,1.131274916510151,Standing
0.032215505703784085,0.03813654169092675,4.154337907028555,0.0005259705819945781,0.015779117459837344,0.1631974479501262,0.006429635318626693,0.01786877411284944,1.1837946000781596,Standing
0.031595120376258855,0.039160300916259466,4.074896091822756,0.0006203853275252302,0.018611559825756907,0.16001245890803295,0.006559385895656283,0.017693813630360423,1.2394414216470346,Standing
0.03165074813610428,0.03984059527375012,3.9699782985899605,5.562775984542523e-05,0.0016688327953627569,0.16031606313418698,0.006954323758244452,0.017703927556571984,1.258756826297689,Standing
0.03174355772865917,0.041155313206325775,3.818567802485359,9.28095925548933e-05,0.002784287776646799,0.16069302095985963,0.007570260726232193,0.0178024082608337,1.2964934037361964,Standing
0.03268571059606349,0.039648713988195895,3.8917664654756314,0.0009421528674043167,0.0282645860221295,0.16535508389983553,0.0073642624456168836,0.018875313317248378,1.2130289739814009,Standing
0.032871584410935566,0.04238876989781134,3.774936823356831,0.00018587381487207566,0.00557621444616227,0.16643596409893702,0.008651469650783375,0.019748797875066684,1.2895262171697948,Standing
0.032964017296528696,0.04511903696608157,3.660110882742127,9.243288559313001e-05,0.0027729865677939003,0.16705902092124125,0.010345141834515164,0.020320397676988632,1.3687359935596464,Standing
0.03312255527404943,0.045197047603464054,3.6754130526844517,0.0001585379775207313,0.004756139325621939,0.167954544974577,0.010847907855603918,0.02069472499099341,1.3645398801364412,Standing
0.03322777233889436,0.045355696646751965,3.63987937626286,0.0001052170648449327,0.003156511945347981,0.16884272770178144,0.011204267784321953,0.020932333331894457,1.364993601863024,Standing
0.033158251348109916,0.04552440911265551,3.2374025832559705,6.952099078444407e-05,0.002085629723533322,0.16878529217733962,0.011292446635456166,0.018942821278422062,1.3729436041340126,Standing
0.03294359953087396,0.04840419707671286,2.8609172444592983,0.00021465181723595572,0.006439554517078672,0.16774669299888087,0.011855352125445598,0.017688653896222106,1.4693050475965626,Standing
0.03192562069012518,0.04990900270794468,2.623493357920672,0.0010179788407487789,0.030539365222463366,0.16264658427407436,0.012013682728135832,0.01701750189196382,1.5632899730398002,Standing
0.03268828602475943,0.04310226292661875,2.608041016381659,0.0007626653346342466,0.022879960039027397,0.16644901767133832,0.009393113410614084,0.017098902953962224,1.3185843667046768,Standing
0.033365697742685406,0.03969803343022264,2.498228983273138,0.0006774117179259784,0.02032235153777935,0.16998716478737047,0.008466544885721078,0.017176659575137587,1.1897858014650824,Standing
0.03369126951534332,0.03725596272272268,2.4762141973517684,0.00032557177265791354,0.009767153179737406,0.1716463098481245,0.007573391118056178,0.01722419999727231,1.105804656774835,Standing
0.03498626925240813,0.036653510851311466,1.4950024600199825,0.00129499973706481,0.0388499921119443,0.17852600303971516,0.011470474985462283,0.017400084335254504,1.0476541693221142,Standing
0.03581558280798075,0.03732647274717738,0.8674566781732771,0.0008293135555726208,0.024879406667178625,0.18339898323847834,0.0164290101820279,0.017158012484152496,1.042185267437836,Standing
0.03580269866962493,0.03676688501375171,0.2789784455774906,1.2884138355817587e-05,0.0003865241506745276,0.18416953382036041,0.017999211106759904,0.01619165359111832,1.0269305493707042,Standing
0.0341037991701369,0.03714355586663201,0.11319047431510404,0.001698899499488031,0.05096698498464093,0.17672629304925466,0.017040878236187933,0.014006976248420268,1.0891324946329406,Standing
0.033563495875247484,0.03734868664922225,0.3786466051228298,0.0005403032948894174,0.01620909884668252,0.17488982954154791,0.015427143824462466,0.012858419863879469,1.1127770119073408,Standing
0.03313193632962005,0.03589076896338936,1.011665182571677,0.0004315595456274371,0.012946786368823113,0.1735320242340735,0.01532668932340796,0.010774153809831414,1.0832680772509786,Standing
0.0323271076576891,0.03884502347769397,2.529625353419999,0.0008048286719309489,0.024144860157928466,0.16903657906917705,0.01983813348337282,0.009409265256152781,1.2016238473612582,Standing
0.033222523537638084,0.03958212202350731,4.115622050709775,0.0008954158799489853,0.02686247639846956,0.17486283036173686,0.0252853932292511,0.0088840146376406,1.191424305220655,Standing
